	Precision0	Recall0	Precision1	Recall1	Precision2	Recall2	Precision3	Recall3	Precision4	Recall4
0	0.5009708737864078	1.0	0.4990291262135922	1.0	0.5	1.0	0.5	1.0	0.5	1.0
1	0.5108910891089109	1.0	0.5	1.0	0.501953125	1.0	0.5059055118110236	1.0	0.501953125	1.0
2	0.5191146881287726	1.0	0.5009746588693957	1.0	0.50293542074364	1.0	0.5119521912350598	1.0	0.5059055118110236	1.0
3	0.5254582484725051	1.0	0.503921568627451	1.0	0.5069033530571992	1.0	0.5160642570281124	1.0	0.5099206349206349	1.0
4	0.5333333333333333	0.992248062015504	0.5059055118110236	1.0	0.510934393638171	1.0	0.5181451612903226	1.0	0.512	0.9961089494163424
5	0.5425531914893617	0.9883720930232558	0.5069033530571992	1.0	0.5160642570281124	1.0	0.5212981744421906	1.0	0.5182186234817814	0.9961089494163424
6	0.5472103004291845	0.9883720930232558	0.5079051383399209	1.0	0.5171026156941649	1.0	0.5244897959183673	1.0	0.5213849287169042	0.9961089494163424
7	0.550755939524838	0.9883720930232558	0.5089108910891089	1.0	0.5191919191919192	1.0	0.5277207392197125	1.0	0.5289256198347108	0.9961089494163424
8	0.5579868708971554	0.9883720930232558	0.5099206349206349	1.0	0.5255623721881391	1.0	0.53099173553719	1.0	0.5322245322245323	0.9961089494163424
9	0.5666666666666667	0.9883720930232558	0.510934393638171	1.0	0.5266393442622951	1.0	0.533195020746888	1.0	0.5355648535564853	0.9961089494163424
10	0.5730337078651685	0.9883720930232558	0.5119521912350598	1.0	0.534446764091858	0.9961089494163424	0.5343035343035343	1.0	0.5412262156448203	0.9961089494163424
11	0.5821917808219178	0.9883720930232558	0.5129740518962076	1.0	0.540084388185654	0.9961089494163424	0.5365344467640919	1.0	0.5470085470085471	0.9961089494163424
12	0.5848623853211009	0.9883720930232558	0.514	1.0	0.5446808510638298	0.9961089494163424	0.5412262156448203	0.9961089494163424	0.5493562231759657	0.9961089494163424
13	0.5902777777777778	0.9883720930232558	0.5150300601202404	1.0	0.5470085470085471	0.9961089494163424	0.5435244161358811	0.9961089494163424	0.5553145336225597	0.9961089494163424
14	0.5957943925233645	0.9883720930232558	0.5160642570281124	1.0	0.5529157667386609	0.9961089494163424	0.5470085470085471	0.9961089494163424	0.5565217391304348	0.9961089494163424
15	0.6	0.9883720930232558	0.5171026156941649	1.0	0.5565217391304348	0.9961089494163424	0.5493562231759657	0.9961089494163424	0.5589519650655022	0.9961089494163424
16	0.6071428571428571	0.9883720930232558	0.5181451612903226	1.0	0.5589519650655022	0.9961089494163424	0.5517241379310345	0.9961089494163424	0.5626373626373626	0.9961089494163424
17	0.6174334140435835	0.9883720930232558	0.5191919191919192	1.0	0.5601750547045952	0.9961089494163424	0.5529157667386609	0.9961089494163424	0.565121412803532	0.9961089494163424
18	0.6204379562043796	0.9883720930232558	0.520242914979757	1.0	0.5638766519823789	0.9961089494163424	0.5589519650655022	0.9961089494163424	0.5688888888888889	0.9961089494163424
19	0.6234718826405868	0.9883720930232558	0.5212981744421906	1.0	0.565410199556541	0.9922178988326849	0.5601750547045952	0.9961089494163424	0.5714285714285714	0.9961089494163424
20	0.6280788177339901	0.9883720930232558	0.5223577235772358	1.0	0.5666666666666667	0.9922178988326849	0.5626373626373626	0.9961089494163424	0.5752808988764045	0.9961089494163424
21	0.6287128712871287	0.9844961240310076	0.5234215885947047	1.0	0.5691964285714286	0.9922178988326849	0.5638766519823789	0.9961089494163424	0.5778781038374717	0.9961089494163424
22	0.635	0.9844961240310076	0.5244897959183673	1.0	0.5717488789237668	0.9922178988326849	0.5663716814159292	0.9961089494163424	0.5804988662131519	0.9961089494163424
23	0.6397984886649875	0.9844961240310076	0.5255623721881391	1.0	0.5782312925170068	0.9922178988326849	0.5676274944567627	0.9961089494163424	0.5844748858447488	0.9961089494163424
24	0.6446700507614214	0.9844961240310076	0.5266393442622951	1.0	0.5795454545454546	0.9922178988326849	0.5714285714285714	0.9961089494163424	0.5848623853211009	0.9922178988326849
25	0.6463104325699746	0.9844961240310076	0.5277207392197125	1.0	0.5835240274599542	0.9922178988326849	0.5727069351230425	0.9961089494163424	0.5862068965517241	0.9922178988326849
26	0.649616368286445	0.9844961240310076	0.5288065843621399	1.0	0.5889145496535797	0.9922178988326849	0.5765765765765766	0.9961089494163424	0.5916473317865429	0.9922178988326849
27	0.6512820512820513	0.9844961240310076	0.5298969072164949	1.0	0.5902777777777778	0.9922178988326849	0.5804988662131519	0.9961089494163424	0.5934579439252337	0.9883268482490272
28	0.654639175257732	0.9844961240310076	0.53099173553719	1.0	0.5916473317865429	0.9922178988326849	0.5818181818181818	0.9961089494163424	0.594847775175644	0.9883268482490272
29	0.6563307493540051	0.9844961240310076	0.5320910973084886	1.0	0.5944055944055944	0.9922178988326849	0.585812356979405	0.9961089494163424	0.596244131455399	0.9883268482490272
30	0.6580310880829016	0.9844961240310076	0.533195020746888	1.0	0.5957943925233645	0.9922178988326849	0.5885057471264368	0.9961089494163424	0.5990566037735849	0.9883268482490272
31	0.662303664921466	0.9806201550387597	0.5322245322245323	0.9961089494163424	0.6014150943396226	0.9922178988326849	0.5939675174013921	0.9961089494163424	0.6004728132387707	0.9883268482490272
32	0.6710875331564987	0.9806201550387597	0.5333333333333333	0.9961089494163424	0.6071428571428571	0.9922178988326849	0.5944055944055944	0.9922178988326849	0.6018957345971564	0.9883268482490272
33	0.672	0.9767441860465116	0.534446764091858	0.9961089494163424	0.6085918854415274	0.9922178988326849	0.5957943925233645	0.9922178988326849	0.6062052505966588	0.9883268482490272
34	0.6737967914438503	0.9767441860465116	0.5355648535564853	0.9961089494163424	0.6115107913669064	0.9922178988326849	0.5971896955503513	0.9922178988326849	0.6076555023923444	0.9883268482490272
35	0.6765498652291105	0.9728682170542636	0.5366876310272537	0.9961089494163424	0.6129807692307693	0.9922178988326849	0.5985915492957746	0.9922178988326849	0.6105769230769231	0.9883268482490272
36	0.6783783783783783	0.9728682170542636	0.5378151260504201	0.9961089494163424	0.6144578313253012	0.9922178988326849	0.6	0.9922178988326849	0.6120481927710844	0.9883268482490272
37	0.6820652173913043	0.9728682170542636	0.5389473684210526	0.9961089494163424	0.6189320388349514	0.9922178988326849	0.6028368794326241	0.9922178988326849	0.6150121065375302	0.9883268482490272
38	0.684931506849315	0.9689922480620154	0.540084388185654	0.9961089494163424	0.6234718826405868	0.9922178988326849	0.6071428571428571	0.9922178988326849	0.6195121951219512	0.9883268482490272
39	0.6878453038674033	0.9651162790697676	0.5412262156448203	0.9961089494163424	0.6280788177339901	0.9922178988326849	0.6085918854415274	0.9922178988326849	0.6225490196078431	0.9883268482490272
40	0.6935933147632312	0.9651162790697676	0.5423728813559322	0.9961089494163424	0.6296296296296297	0.9922178988326849	0.6129807692307693	0.9922178988326849	0.6240786240786241	0.9883268482490272
41	0.7005649717514124	0.9612403100775194	0.5435244161358811	0.9961089494163424	0.6311881188118812	0.9922178988326849	0.6144578313253012	0.9922178988326849	0.6271604938271605	0.9883268482490272
42	0.7037037037037037	0.9573643410852714	0.5446808510638298	0.9961089494163424	0.6343283582089553	0.9922178988326849	0.6189320388349514	0.9922178988326849	0.6287128712871287	0.9883268482490272
43	0.7057142857142857	0.9573643410852714	0.5458422174840085	0.9961089494163424	0.6359102244389028	0.9922178988326849	0.6219512195121951	0.9922178988326849	0.630272952853598	0.9883268482490272
44	0.7118155619596542	0.9573643410852714	0.5470085470085471	0.9961089494163424	0.6375	0.9922178988326849	0.6265356265356266	0.9922178988326849	0.6293532338308457	0.9844357976653696
45	0.7130434782608696	0.9534883720930232	0.5481798715203426	0.9961089494163424	0.6390977443609023	0.9922178988326849	0.6271604938271605	0.9883268482490272	0.6309226932668329	0.9844357976653696
46	0.7151162790697675	0.9534883720930232	0.5472103004291845	0.9922178988326849	0.6397984886649875	0.9883268482490272	0.6287128712871287	0.9883268482490272	0.6325	0.9844357976653696
47	0.717201166180758	0.9534883720930232	0.5483870967741935	0.9922178988326849	0.6388888888888888	0.9844357976653696	0.6334164588528678	0.9883268482490272	0.6340852130325815	0.9844357976653696
48	0.7227138643067846	0.9496124031007752	0.5495689655172413	0.9922178988326849	0.6421319796954315	0.9844357976653696	0.6365914786967418	0.9883268482490272	0.635678391959799	0.9844357976653696
49	0.7240356083086054	0.9457364341085271	0.550755939524838	0.9922178988326849	0.6437659033078881	0.9844357976653696	0.6381909547738693	0.9883268482490272	0.6372795969773299	0.9844357976653696
50	0.7223880597014926	0.937984496124031	0.551948051948052	0.9922178988326849	0.6445012787723785	0.980544747081712	0.6397984886649875	0.9883268482490272	0.6363636363636364	0.980544747081712
51	0.7250755287009063	0.9302325581395348	0.5531453362255966	0.9922178988326849	0.6461538461538462	0.980544747081712	0.6414141414141414	0.9883268482490272	0.6379746835443038	0.980544747081712
52	0.7272727272727273	0.9302325581395348	0.5543478260869565	0.9922178988326849	0.6494845360824743	0.980544747081712	0.6430379746835443	0.9883268482490272	0.6461538461538462	0.980544747081712
53	0.7317073170731707	0.9302325581395348	0.5555555555555556	0.9922178988326849	0.6511627906976745	0.980544747081712	0.6446700507614214	0.9883268482490272	0.6478149100257069	0.980544747081712
54	0.7339449541284404	0.9302325581395348	0.5567685589519651	0.9922178988326849	0.6528497409326425	0.980544747081712	0.6454081632653061	0.9844357976653696	0.6469072164948454	0.9766536964980544
55	0.7331288343558282	0.9263565891472868	0.5579868708971554	0.9922178988326849	0.6545454545454545	0.980544747081712	0.6470588235294118	0.9844357976653696	0.6519480519480519	0.9766536964980544
56	0.7376543209876543	0.9263565891472868	0.5592105263157895	0.9922178988326849	0.65625	0.980544747081712	0.6487179487179487	0.9844357976653696	0.6544502617801047	0.9727626459143968
57	0.7368421052631579	0.9224806201550388	0.5604395604395604	0.9922178988326849	0.6614173228346457	0.980544747081712	0.6478149100257069	0.980544747081712	0.6578947368421053	0.9727626459143968
58	0.7414330218068536	0.9224806201550388	0.5616740088105727	0.9922178988326849	0.6631578947368421	0.980544747081712	0.6511627906976745	0.980544747081712	0.6613756613756614	0.9727626459143968
59	0.740625	0.9186046511627908	0.5629139072847682	0.9922178988326849	0.6640211640211641	0.9766536964980544	0.6579634464751958	0.980544747081712	0.6631299734748011	0.9727626459143968
60	0.7452830188679245	0.9186046511627908	0.5641592920353983	0.9922178988326849	0.6657824933687002	0.9766536964980544	0.6587926509186351	0.9766536964980544	0.6666666666666666	0.9727626459143968
61	0.746031746031746	0.9108527131782944	0.565410199556541	0.9922178988326849	0.6675531914893617	0.9766536964980544	0.6605263157894737	0.9766536964980544	0.6684491978609626	0.9727626459143968
62	0.7507987220447284	0.9108527131782944	0.5666666666666667	0.9922178988326849	0.6684491978609626	0.9727626459143968	0.662269129287599	0.9766536964980544	0.6711590296495957	0.9688715953307392
63	0.752411575562701	0.9069767441860463	0.5679287305122495	0.9922178988326849	0.6702412868632708	0.9727626459143968	0.6675531914893617	0.9766536964980544	0.6747967479674797	0.9688715953307392
64	0.7572815533980582	0.9069767441860463	0.5691964285714286	0.9922178988326849	0.6720430107526881	0.9727626459143968	0.6711229946524064	0.9766536964980544	0.6784741144414169	0.9688715953307392
65	0.758957654723127	0.9031007751937984	0.5704697986577181	0.9922178988326849	0.6756756756756757	0.9727626459143968	0.6729222520107239	0.9766536964980544	0.680327868852459	0.9688715953307392
66	0.7581699346405228	0.8992248062015504	0.5717488789237668	0.9922178988326849	0.6775067750677507	0.9727626459143968	0.6765498652291105	0.9766536964980544	0.6840659340659341	0.9688715953307392
67	0.7598684210526315	0.8953488372093024	0.5730337078651685	0.9922178988326849	0.6811989100817438	0.9727626459143968	0.6756756756756757	0.9727626459143968	0.6859504132231405	0.9688715953307392
68	0.7582781456953642	0.8875968992248062	0.5743243243243243	0.9922178988326849	0.6830601092896175	0.9727626459143968	0.6775067750677507	0.9727626459143968	0.6878453038674033	0.9688715953307392
69	0.7633333333333333	0.8875968992248062	0.5756207674943566	0.9922178988326849	0.684931506849315	0.9727626459143968	0.6811989100817438	0.9727626459143968	0.6888888888888889	0.9649805447470816
70	0.7625418060200669	0.8837209302325582	0.5769230769230769	0.9922178988326849	0.6868131868131868	0.9727626459143968	0.684931506849315	0.9727626459143968	0.6908077994428969	0.9649805447470816
71	0.7713310580204779	0.875968992248062	0.5782312925170068	0.9922178988326849	0.6887052341597796	0.9727626459143968	0.6868131868131868	0.9727626459143968	0.6927374301675978	0.9649805447470816
72	0.773972602739726	0.875968992248062	0.5795454545454546	0.9922178988326849	0.6897506925207756	0.9688715953307392	0.6887052341597796	0.9727626459143968	0.6946778711484594	0.9649805447470816
73	0.7750865051903114	0.8682170542635659	0.5808656036446469	0.9922178988326849	0.6935933147632312	0.9688715953307392	0.6878453038674033	0.9688715953307392	0.6985915492957746	0.9649805447470816
74	0.7762237762237763	0.8604651162790697	0.5821917808219178	0.9922178988326849	0.6955307262569832	0.9688715953307392	0.6897506925207756	0.9688715953307392	0.7005649717514124	0.9649805447470816
75	0.7789473684210526	0.8604651162790697	0.5835240274599542	0.9922178988326849	0.6974789915966386	0.9688715953307392	0.6946778711484594	0.9649805447470816	0.7025495750708215	0.9649805447470816
76	0.7816901408450704	0.8604651162790697	0.5848623853211009	0.9922178988326849	0.7014084507042253	0.9688715953307392	0.6966292134831461	0.9649805447470816	0.7045454545454546	0.9649805447470816
77	0.784452296819788	0.8604651162790697	0.5862068965517241	0.9922178988326849	0.7033898305084746	0.9688715953307392	0.6957746478873239	0.9610894941634242	0.7065527065527065	0.9649805447470816
78	0.7836879432624113	0.8565891472868217	0.5875576036866359	0.9922178988326849	0.7053824362606232	0.9688715953307392	0.7017045454545454	0.9610894941634242	0.7085714285714285	0.9649805447470816
79	0.7829181494661922	0.8527131782945736	0.5866050808314087	0.9883268482490272	0.7065527065527065	0.9649805447470816	0.7037037037037037	0.9610894941634242	0.7106017191977078	0.9649805447470816
80	0.7841726618705036	0.8449612403100775	0.5879629629629629	0.9883268482490272	0.7085714285714285	0.9649805447470816	0.7057142857142857	0.9610894941634242	0.7146974063400576	0.9649805447470816
81	0.7927272727272727	0.8449612403100775	0.5893271461716937	0.9883268482490272	0.7126436781609196	0.9649805447470816	0.7048710601719198	0.9571984435797666	0.7167630057803468	0.9649805447470816
82	0.7948717948717948	0.8410852713178295	0.5906976744186047	0.9883268482490272	0.7146974063400576	0.9649805447470816	0.7068965517241379	0.9571984435797666	0.7188405797101449	0.9649805447470816
83	0.7941176470588235	0.8372093023255814	0.5920745920745921	0.9883268482490272	0.7167630057803468	0.9649805447470816	0.7142857142857143	0.953307392996109	0.7180232558139535	0.9610894941634242
84	0.7955390334572491	0.8294573643410853	0.5934579439252337	0.9883268482490272	0.7188405797101449	0.9649805447470816	0.7134502923976608	0.9494163424124512	0.7201166180758017	0.9610894941634242
85	0.7969924812030075	0.8217054263565892	0.594847775175644	0.9883268482490272	0.7201166180758017	0.9610894941634242	0.7126099706744868	0.9455252918287936	0.7222222222222222	0.9610894941634242
86	0.7992424242424242	0.8178294573643411	0.596244131455399	0.9883268482490272	0.7222222222222222	0.9610894941634242	0.7168141592920354	0.9455252918287936	0.7243401759530792	0.9610894941634242
87	0.8022813688212928	0.8178294573643411	0.5976470588235294	0.9883268482490272	0.7235294117647059	0.9571984435797666	0.7232142857142857	0.9455252918287936	0.7235294117647059	0.9571984435797666
88	0.8045977011494253	0.813953488372093	0.5990566037735849	0.9883268482490272	0.7256637168141593	0.9571984435797666	0.7275449101796407	0.9455252918287936	0.727810650887574	0.9571984435797666
89	0.8038461538461539	0.810077519379845	0.6004728132387707	0.9883268482490272	0.727810650887574	0.9571984435797666	0.7311178247734139	0.9416342412451362	0.7299703264094956	0.9571984435797666
90	0.8062015503875969	0.8062015503875969	0.6018957345971564	0.9883268482490272	0.7291666666666666	0.953307392996109	0.7303030303030303	0.9377431906614786	0.7321428571428571	0.9571984435797666
91	0.8046875	0.7984496124031008	0.6033254156769596	0.9883268482490272	0.7313432835820896	0.953307392996109	0.729483282674772	0.933852140077821	0.7343283582089553	0.9571984435797666
92	0.803921568627451	0.7945736434108527	0.6047619047619047	0.9883268482490272	0.7305389221556886	0.9494163424124512	0.7317073170731707	0.933852140077821	0.7365269461077845	0.9571984435797666
93	0.8063241106719368	0.7906976744186046	0.6062052505966588	0.9883268482490272	0.7327327327327328	0.9494163424124512	0.7339449541284404	0.933852140077821	0.743202416918429	0.9571984435797666
94	0.8087649402390438	0.7868217054263565	0.6076555023923444	0.9883268482490272	0.7371601208459214	0.9494163424124512	0.7384615384615385	0.933852140077821	0.7424242424242424	0.953307392996109
95	0.805668016194332	0.7713178294573644	0.6091127098321343	0.9883268482490272	0.7386018237082067	0.9455252918287936	0.7407407407407407	0.933852140077821	0.7446808510638298	0.953307392996109
96	0.8081632653061225	0.7674418604651163	0.6105769230769231	0.9883268482490272	0.7408536585365854	0.9455252918287936	0.7422360248447205	0.9299610894941636	0.746177370030581	0.9494163424124512
97	0.8065843621399177	0.7596899224806202	0.6120481927710844	0.9883268482490272	0.7476923076923077	0.9455252918287936	0.7414330218068536	0.926070038910506	0.745398773006135	0.9455252918287936
98	0.8057851239669421	0.7558139534883721	0.6135265700483091	0.9883268482490272	0.75	0.9455252918287936	0.74375	0.926070038910506	0.7446153846153846	0.9416342412451362
99	0.8041666666666667	0.748062015503876	0.6150121065375302	0.9883268482490272	0.7523219814241486	0.9455252918287936	0.7429467084639498	0.9221789883268484	0.7438271604938271	0.9377431906614786
100	0.8075313807531381	0.748062015503876	0.616504854368932	0.9883268482490272	0.7515527950310559	0.9416342412451362	0.7452830188679245	0.9221789883268484	0.7430340557275542	0.933852140077821
101	0.8135593220338984	0.7441860465116279	0.6180048661800487	0.9883268482490272	0.7538940809968847	0.9416342412451362	0.7444794952681388	0.9182879377431906	0.7445482866043613	0.9299610894941636
102	0.8205128205128205	0.7441860465116279	0.6195121951219512	0.9883268482490272	0.753125	0.9377431906614786	0.7484076433121019	0.914396887159533	0.7460815047021944	0.926070038910506
103	0.8275862068965517	0.7441860465116279	0.6210268948655256	0.9883268482490272	0.7547169811320755	0.933852140077821	0.752411575562701	0.9105058365758756	0.7484276729559748	0.926070038910506
104	0.8268398268398268	0.7403100775193798	0.6225490196078431	0.9883268482490272	0.759493670886076	0.933852140077821	0.7548387096774194	0.9105058365758756	0.750788643533123	0.926070038910506
105	0.8260869565217391	0.7364341085271318	0.6240786240786241	0.9883268482490272	0.7619047619047619	0.933852140077821	0.7572815533980582	0.9105058365758756	0.7531645569620253	0.926070038910506
106	0.8245614035087719	0.7286821705426356	0.625615763546798	0.9883268482490272	0.7643312101910829	0.933852140077821	0.7564935064935064	0.906614785992218	0.7555555555555555	0.926070038910506
107	0.8237885462555066	0.7248062015503876	0.6271604938271605	0.9883268482490272	0.7667731629392971	0.933852140077821	0.758957654723127	0.906614785992218	0.7579617834394905	0.926070038910506
108	0.8230088495575221	0.7209302325581395	0.6287128712871287	0.9883268482490272	0.7660256410256411	0.9299610894941636	0.761437908496732	0.906614785992218	0.7571884984025559	0.9221789883268484
109	0.8266666666666667	0.7209302325581395	0.630272952853598	0.9883268482490272	0.7684887459807074	0.9299610894941636	0.7631578947368421	0.9027237354085604	0.7564102564102564	0.9182879377431906
110	0.8333333333333334	0.7170542635658915	0.6318407960199005	0.9883268482490272	0.7669902912621359	0.9221789883268484	0.7623762376237624	0.8988326848249028	0.7588424437299035	0.9182879377431906
111	0.8348623853211009	0.7054263565891473	0.6334164588528678	0.9883268482490272	0.7662337662337663	0.9182879377431906	0.7649006622516556	0.8988326848249028	0.7637540453074434	0.9182879377431906
112	0.8333333333333334	0.6976744186046512	0.635	0.9883268482490272	0.7654723127035831	0.914396887159533	0.7674418604651163	0.8988326848249028	0.7662337662337663	0.9182879377431906
113	0.8349056603773585	0.686046511627907	0.6365914786967418	0.9883268482490272	0.7647058823529411	0.9105058365758756	0.77	0.8988326848249028	0.7712418300653595	0.9182879377431906
114	0.8380952380952381	0.6821705426356589	0.635678391959799	0.9844357976653696	0.7672131147540984	0.9105058365758756	0.7692307692307693	0.8949416342412452	0.7737704918032787	0.9182879377431906
115	0.8373205741626795	0.6782945736434108	0.6372795969773299	0.9844357976653696	0.768976897689769	0.906614785992218	0.7718120805369127	0.8949416342412452	0.7755775577557755	0.914396887159533
116	0.8390243902439024	0.6666666666666666	0.6388888888888888	0.9844357976653696	0.7715231788079471	0.906614785992218	0.7744107744107744	0.8949416342412452	0.7748344370860927	0.9105058365758756
117	0.8382352941176471	0.6627906976744186	0.640506329113924	0.9844357976653696	0.7740863787375415	0.906614785992218	0.7736486486486487	0.8910505836575876	0.78	0.9105058365758756
118	0.8374384236453202	0.6589147286821705	0.6395939086294417	0.980544747081712	0.7792642140468228	0.906614785992218	0.7762711864406779	0.8910505836575876	0.782608695652174	0.9105058365758756
119	0.8407960199004975	0.6550387596899225	0.6412213740458015	0.980544747081712	0.7818791946308725	0.906614785992218	0.7755102040816326	0.8871595330739299	0.7837837837837838	0.9027237354085604
120	0.845	0.6550387596899225	0.6428571428571429	0.980544747081712	0.7811447811447811	0.9027237354085604	0.7747440273037542	0.8832684824902723	0.7849829351535836	0.8949416342412452
121	0.8492462311557789	0.6550387596899225	0.6419437340153452	0.9766536964980544	0.7804054054054054	0.8988326848249028	0.7773972602739726	0.8832684824902723	0.7876712328767124	0.8949416342412452
122	0.8527918781725888	0.6511627906976745	0.6410256410256411	0.9727626459143968	0.7857142857142857	0.8988326848249028	0.7766323024054983	0.8793774319066148	0.7862068965517242	0.8871595330739299
123	0.8571428571428571	0.6511627906976745	0.6426735218508998	0.9727626459143968	0.78839590443686	0.8988326848249028	0.7793103448275862	0.8793774319066148	0.7889273356401384	0.8871595330739299
124	0.8638743455497382	0.6395348837209303	0.6443298969072165	0.9727626459143968	0.7938144329896907	0.8988326848249028	0.7820069204152249	0.8793774319066148	0.7881944444444444	0.8832684824902723
125	0.8624338624338624	0.6317829457364341	0.6459948320413437	0.9727626459143968	0.7958477508650519	0.8949416342412452	0.7847222222222222	0.8793774319066148	0.7909407665505227	0.8832684824902723
126	0.8609625668449198	0.624031007751938	0.6476683937823834	0.9727626459143968	0.7979094076655052	0.8910505836575876	0.7867132867132867	0.8754863813229572	0.7929824561403509	0.8793774319066148
127	0.8602150537634409	0.6201550387596899	0.6467532467532467	0.9688715953307392	0.7972027972027972	0.8871595330739299	0.7859649122807018	0.8715953307392996	0.7922535211267606	0.8754863813229572
128	0.8594594594594595	0.6162790697674418	0.6484375	0.9688715953307392	0.7992957746478874	0.8832684824902723	0.7852112676056338	0.867704280155642	0.7915194346289752	0.8715953307392996
129	0.861878453038674	0.6046511627906976	0.6501305483028721	0.9688715953307392	0.8049645390070922	0.8832684824902723	0.784452296819788	0.8638132295719845	0.7900355871886121	0.8638132295719845
130	0.8700564971751412	0.5968992248062015	0.6518324607329843	0.9688715953307392	0.8078291814946619	0.8832684824902723	0.7872340425531915	0.8638132295719845	0.7928571428571428	0.8638132295719845
131	0.8693181818181818	0.5930232558139535	0.6535433070866141	0.9688715953307392	0.8107142857142857	0.8832684824902723	0.7928571428571428	0.8638132295719845	0.7956989247311828	0.8638132295719845
132	0.8685714285714285	0.5891472868217055	0.6552631578947369	0.9688715953307392	0.8136200716845878	0.8832684824902723	0.7949640287769785	0.8599221789883269	0.7971014492753623	0.8560311284046692
133	0.8670520231213873	0.5813953488372093	0.6543535620052771	0.9649805447470816	0.8165467625899281	0.8832684824902723	0.7971014492753623	0.8560311284046692	0.8029197080291971	0.8560311284046692
134	0.8654970760233918	0.5736434108527132	0.6534391534391535	0.9610894941634242	0.8158844765342961	0.8793774319066148	0.8	0.8560311284046692	0.8088235294117647	0.8560311284046692
135	0.8682634730538922	0.562015503875969	0.6551724137931034	0.9610894941634242	0.8152173913043478	0.8754863813229572	0.7985347985347986	0.8482490272373541	0.8081180811808119	0.8521400778210116
136	0.8674698795180723	0.5581395348837209	0.6569148936170213	0.9610894941634242	0.8145454545454546	0.8715953307392996	0.8014705882352942	0.8482490272373541	0.8104089219330854	0.8482490272373541
137	0.8711656441717791	0.5503875968992248	0.6586666666666666	0.9610894941634242	0.8138686131386861	0.867704280155642	0.8044280442804428	0.8482490272373541	0.8134328358208955	0.8482490272373541
138	0.8765432098765432	0.5503875968992248	0.660427807486631	0.9610894941634242	0.8168498168498168	0.867704280155642	0.8037037037037037	0.8443579766536965	0.8164794007490637	0.8482490272373541
139	0.8819875776397516	0.5503875968992248	0.6595174262734584	0.9571984435797666	0.8198529411764706	0.867704280155642	0.8029739776951673	0.8404669260700389	0.8195488721804511	0.8482490272373541
140	0.88125	0.5465116279069767	0.6612903225806451	0.9571984435797666	0.8191881918819188	0.8638132295719845	0.8089887640449438	0.8404669260700389	0.821969696969697	0.8443579766536965
141	0.8789808917197452	0.5348837209302325	0.6630727762803235	0.9571984435797666	0.8178438661710037	0.8560311284046692	0.8075471698113208	0.8326848249027238	0.8212927756653993	0.8404669260700389
142	0.8782051282051282	0.5310077519379846	0.6648648648648648	0.9571984435797666	0.8208955223880597	0.8560311284046692	0.8106060606060606	0.8326848249027238	0.8244274809160306	0.8404669260700389
143	0.8766233766233766	0.5232558139534884	0.6666666666666666	0.9571984435797666	0.8202247191011236	0.8521400778210116	0.8136882129277566	0.8326848249027238	0.8269230769230769	0.8365758754863813
144	0.8874172185430463	0.5193798449612403	0.6684782608695652	0.9571984435797666	0.8195488721804511	0.8482490272373541	0.816793893129771	0.8326848249027238	0.8301158301158301	0.8365758754863813
145	0.8851351351351351	0.5077519379844961	0.670299727520436	0.9571984435797666	0.8226415094339623	0.8482490272373541	0.8199233716475096	0.8326848249027238	0.8294573643410853	0.8326848249027238
146	0.8835616438356164	0.5	0.6721311475409836	0.9571984435797666	0.821969696969697	0.8443579766536965	0.8192307692307692	0.8287937743190662	0.83203125	0.8287937743190662
147	0.8827586206896552	0.4961240310077519	0.673972602739726	0.9571984435797666	0.8212927756653993	0.8404669260700389	0.8185328185328186	0.8249027237354085	0.8352941176470589	0.8287937743190662
148	0.8802816901408451	0.4844961240310077	0.6730769230769231	0.953307392996109	0.8199233716475096	0.8326848249027238	0.8210116731517509	0.8210116731517509	0.8385826771653543	0.8287937743190662
149	0.8776978417266187	0.4728682170542636	0.6721763085399449	0.9494163424124512	0.823076923076923	0.8326848249027238	0.82421875	0.8210116731517509	0.841897233201581	0.8287937743190662
150	0.8702290076335878	0.4418604651162791	0.6712707182320442	0.9455252918287936	0.8249027237354085	0.8249027237354085	0.8274509803921568	0.8210116731517509	0.8452380952380952	0.8287937743190662
151	0.8671875	0.4302325581395348	0.6731301939058172	0.9455252918287936	0.8313725490196079	0.8249027237354085	0.8267716535433071	0.8171206225680934	0.848	0.8249027237354085
152	0.8661417322834646	0.4263565891472868	0.675	0.9455252918287936	0.8307086614173228	0.8210116731517509	0.8253968253968254	0.8093385214007782	0.8508064516129032	0.8210116731517509
153	0.8677685950413223	0.4069767441860465	0.6768802228412256	0.9455252918287936	0.83399209486166	0.8210116731517509	0.824	0.8015564202334631	0.8536585365853658	0.8171206225680934
154	0.8620689655172413	0.3875968992248062	0.6787709497206704	0.9455252918287936	0.8333333333333334	0.8171206225680934	0.8232931726907631	0.7976653696498055	0.8524590163934426	0.8093385214007782
155	0.8596491228070176	0.3798449612403101	0.680672268907563	0.9455252918287936	0.832	0.8093385214007782	0.8259109311740891	0.7937743190661478	0.8553719008264463	0.8054474708171206
156	0.8636363636363636	0.3682170542635659	0.6825842696629213	0.9455252918287936	0.8313253012048193	0.8054474708171206	0.8252032520325203	0.7898832684824902	0.8589211618257261	0.8054474708171206
157	0.8653846153846154	0.3488372093023256	0.6845070422535211	0.9455252918287936	0.8340080971659919	0.8015564202334631	0.8271604938271605	0.7821011673151751	0.8571428571428571	0.7937743190661478
158	0.8613861386138614	0.3372093023255814	0.6864406779661016	0.9455252918287936	0.8333333333333334	0.7976653696498055	0.8298755186721992	0.7782101167315175	0.8565400843881856	0.7898832684824902
159	0.86	0.3333333333333333	0.6855524079320113	0.9416342412451362	0.8326530612244898	0.7937743190661478	0.8291666666666667	0.77431906614786	0.8559322033898306	0.7859922178988327
160	0.8617021276595744	0.313953488372093	0.6875	0.9416342412451362	0.8319672131147541	0.7898832684824902	0.8284518828451883	0.7704280155642024	0.8595744680851064	0.7859922178988327
161	0.8695652173913043	0.3100775193798449	0.6894586894586895	0.9416342412451362	0.831275720164609	0.7859922178988327	0.8277310924369747	0.7665369649805448	0.8632478632478633	0.7859922178988327
162	0.8651685393258427	0.2984496124031007	0.6885714285714286	0.9377431906614786	0.8305785123966942	0.7821011673151751	0.8312236286919831	0.7665369649805448	0.8626609442060086	0.7821011673151751
163	0.85	0.2635658914728682	0.6876790830945558	0.933852140077821	0.8375	0.7821011673151751	0.8347457627118644	0.7665369649805448	0.8701298701298701	0.7821011673151751
164	0.8533333333333334	0.2480620155038759	0.6867816091954023	0.9299610894941636	0.8368200836820083	0.7782101167315175	0.8382978723404255	0.7665369649805448	0.8695652173913043	0.7782101167315175
165	0.8461538461538461	0.2131782945736434	0.6887608069164265	0.9299610894941636	0.8361344537815126	0.77431906614786	0.8454935622317596	0.7665369649805448	0.8733624454148472	0.7782101167315175
166	0.85	0.1976744186046511	0.6907514450867052	0.9299610894941636	0.8396624472573839	0.77431906614786	0.8448275862068966	0.7626459143968871	0.8766519823788547	0.77431906614786
167	0.8518518518518519	0.1782945736434108	0.6927536231884058	0.9299610894941636	0.8389830508474576	0.7704280155642024	0.8441558441558441	0.7587548638132295	0.8761061946902655	0.7704280155642024
168	0.875	0.1627906976744186	0.6947674418604651	0.9299610894941636	0.8382978723404255	0.7665369649805448	0.8434782608695652	0.754863813229572	0.8755555555555555	0.7665369649805448
169	0.8888888888888888	0.1550387596899224	0.6967930029154519	0.9299610894941636	0.8412017167381974	0.7626459143968871	0.8471615720524017	0.754863813229572	0.8794642857142857	0.7665369649805448
170	0.8809523809523809	0.1434108527131783	0.695906432748538	0.926070038910506	0.8405172413793104	0.7587548638132295	0.8464912280701754	0.7509727626459144	0.8789237668161435	0.7626459143968871
171	0.8974358974358975	0.1356589147286821	0.6950146627565983	0.9221789883268484	0.8398268398268398	0.754863813229572	0.8533333333333334	0.7470817120622568	0.8783783783783784	0.7587548638132295
172	0.8857142857142857	0.1201550387596899	0.6941176470588235	0.9182879377431906	0.8434782608695652	0.754863813229572	0.8571428571428571	0.7470817120622568	0.8778280542986425	0.754863813229572
173	0.8620689655172413	0.0968992248062015	0.6932153392330384	0.914396887159533	0.8427947598253275	0.7509727626459144	0.8565022421524664	0.7431906614785992	0.8812785388127854	0.7509727626459144
174	0.875	0.0813953488372093	0.6952662721893491	0.914396887159533	0.8421052631578947	0.7470817120622568	0.8597285067873304	0.7392996108949417	0.880184331797235	0.7431906614785992
175	0.9	0.0697674418604651	0.6943620178041543	0.9105058365758756	0.8414096916299559	0.7431906614785992	0.8590909090909091	0.7354085603112841	0.8796296296296297	0.7392996108949417
176	0.9090909090909092	0.0387596899224806	0.6964285714285714	0.9105058365758756	0.8407079646017699	0.7392996108949417	0.8584474885844748	0.7315175097276264	0.883177570093458	0.7354085603112841
177	1.0	0.0	0.6955223880597015	0.906614785992218	0.84	0.7354085603112841	0.8571428571428571	0.7237354085603113	0.8873239436619719	0.7354085603112841
178			0.6946107784431138	0.9027237354085604	0.8392857142857143	0.7315175097276264	0.8564814814814815	0.7198443579766537	0.8915094339622641	0.7354085603112841
179			0.6936936936936937	0.8988326848249028	0.8378378378378378	0.7237354085603113	0.8551401869158879	0.7120622568093385	0.8909952606635071	0.7315175097276264
180			0.6957831325301205	0.8988326848249028	0.8371040723981901	0.7198443579766537	0.8537735849056604	0.7042801556420234	0.8942307692307693	0.7237354085603113
181			0.6978851963746223	0.8988326848249028	0.8409090909090909	0.7198443579766537	0.8578199052132701	0.7042801556420234	0.8932038834951457	0.7159533073929961
182			0.7	0.8988326848249028	0.8401826484018264	0.7159533073929961	0.8571428571428571	0.7003891050583657	0.8926829268292683	0.7120622568093385
183			0.7021276595744681	0.8988326848249028	0.8394495412844036	0.7120622568093385	0.861244019138756	0.7003891050583657	0.8970588235294118	0.7120622568093385
184			0.7012195121951219	0.8949416342412452	0.8372093023255814	0.7003891050583657	0.8605769230769231	0.6964980544747081	0.896551724137931	0.708171206225681
185			0.7033639143730887	0.8949416342412452	0.8364485981308412	0.6964980544747081	0.8599033816425121	0.6926070038910506	0.8955223880597015	0.7003891050583657
186			0.7055214723926381	0.8949416342412452	0.8356807511737089	0.6926070038910506	0.8592233009708737	0.688715953307393	0.895	0.6964980544747081
187			0.7076923076923077	0.8949416342412452	0.839622641509434	0.6926070038910506	0.8585365853658536	0.6848249027237354	0.8939393939393939	0.688715953307393
188			0.7098765432098766	0.8949416342412452	0.8388625592417062	0.688715953307393	0.8627450980392157	0.6848249027237354	0.8917525773195877	0.6731517509727627
189			0.7120743034055728	0.8949416342412452	0.8380952380952381	0.6848249027237354	0.8620689655172413	0.6809338521400778	0.8963730569948186	0.6731517509727627
190			0.7111801242236024	0.8910505836575876	0.8421052631578947	0.6848249027237354	0.8613861386138614	0.6770428015564203	0.8958333333333334	0.669260700389105
191			0.7133956386292835	0.8910505836575876	0.8413461538461539	0.6809338521400778	0.8606965174129353	0.6731517509727627	0.9037433155080212	0.6575875486381323
192			0.715625	0.8910505836575876	0.8405797101449275	0.6770428015564203	0.86	0.669260700389105	0.9060773480662984	0.6381322957198443
193			0.7178683385579937	0.8910505836575876	0.8446601941747572	0.6770428015564203	0.864321608040201	0.669260700389105	0.905027932960894	0.6303501945525292
194			0.7169811320754716	0.8871595330739299	0.8439024390243902	0.6731517509727627	0.8636363636363636	0.6653696498054474	0.904494382022472	0.6264591439688716
195			0.7160883280757098	0.8832684824902723	0.8465346534653465	0.6653696498054474	0.8629441624365483	0.6614785992217899	0.903954802259887	0.622568093385214
196			0.7183544303797469	0.8832684824902723	0.845771144278607	0.6614785992217899	0.8673469387755102	0.6614785992217899	0.9090909090909092	0.622568093385214
197			0.7206349206349206	0.8832684824902723	0.8442211055276382	0.6536964980544747	0.8666666666666667	0.6575875486381323	0.9080459770114944	0.6147859922178989
198			0.7197452229299363	0.8793774319066148	0.8434343434343434	0.6498054474708171	0.8756476683937824	0.6575875486381323	0.907514450867052	0.6108949416342413
199			0.7188498402555911	0.8754863813229572	0.8418367346938775	0.642023346303502	0.875	0.6536964980544747	0.9127906976744186	0.6108949416342413
200			0.7211538461538461	0.8754863813229572	0.8461538461538461	0.642023346303502	0.8743455497382199	0.6498054474708171	0.9117647058823528	0.603112840466926
201			0.7234726688102894	0.8754863813229572	0.844559585492228	0.6342412451361867	0.8736842105263158	0.6459143968871596	0.9112426035502958	0.5992217898832685
202			0.7258064516129032	0.8754863813229572	0.84375	0.6303501945525292	0.8783068783068783	0.6459143968871596	0.9107142857142856	0.5953307392996109
203			0.7281553398058253	0.8754863813229572	0.8429319371727748	0.6264591439688716	0.8829787234042553	0.6459143968871596	0.9101796407185628	0.5914396887159533
204			0.7272727272727273	0.8715953307392996	0.8556149732620321	0.622568093385214	0.8823529411764706	0.642023346303502	0.9096385542168676	0.5875486381322957
205			0.7296416938110749	0.8715953307392996	0.8548387096774194	0.6186770428015564	0.8817204301075269	0.6381322957198443	0.9090909090909092	0.5836575875486382
206			0.7287581699346405	0.867704280155642	0.8540540540540541	0.6147859922178989	0.8864864864864865	0.6381322957198443	0.9146341463414634	0.5836575875486382
207			0.7278688524590164	0.8638132295719845	0.8586956521739131	0.6147859922178989	0.8858695652173914	0.6342412451361867	0.9135802469135802	0.5758754863813229
208			0.7269736842105263	0.8599221789883269	0.8626373626373627	0.6108949416342413	0.8852459016393442	0.6303501945525292	0.9130434782608696	0.5719844357976653
209			0.7293729372937293	0.8599221789883269	0.8603351955307262	0.5992217898832685	0.8833333333333333	0.6186770428015564	0.9119496855345912	0.5642023346303502
210			0.7284768211920529	0.8560311284046692	0.8628571428571429	0.5875486381322957	0.88268156424581	0.6147859922178989	0.9113924050632912	0.5603112840466926
211			0.7308970099667774	0.8560311284046692	0.8620689655172413	0.5836575875486382	0.8863636363636364	0.6070038910505836	0.910828025477707	0.556420233463035
212			0.7333333333333333	0.8560311284046692	0.8579881656804734	0.5642023346303502	0.8857142857142857	0.603112840466926	0.9096774193548388	0.5486381322957199
213			0.7357859531772575	0.8560311284046692	0.8571428571428571	0.5603112840466926	0.8895348837209303	0.5953307392996109	0.915032679738562	0.5447470817120622
214			0.738255033557047	0.8560311284046692	0.8614457831325302	0.556420233463035	0.8888888888888888	0.5914396887159533	0.9144736842105264	0.5408560311284046
215			0.7373737373737373	0.8521400778210116	0.8633540372670807	0.5408560311284046	0.8941176470588236	0.5914396887159533	0.913907284768212	0.5369649805447471
216			0.7398648648648649	0.8521400778210116	0.8742138364779874	0.5408560311284046	0.8994082840236687	0.5914396887159533	0.912751677852349	0.5291828793774319
217			0.7423728813559322	0.8521400778210116	0.879746835443038	0.5408560311284046	0.8988095238095238	0.5875486381322957	0.9121621621621622	0.5252918287937743
218			0.7414965986394558	0.8482490272373541	0.8789808917197452	0.5369649805447471	0.8982035928143712	0.5836575875486382	0.910958904109589	0.5175097276264592
219			0.7406143344709898	0.8443579766536965	0.8846153846153846	0.5369649805447471	0.8975903614457831	0.5797665369649806	0.9103448275862068	0.5136186770428015
220			0.7431506849315068	0.8443579766536965	0.8903225806451613	0.5369649805447471	0.9085365853658536	0.5797665369649806	0.9097222222222222	0.5097276264591439
221			0.7422680412371134	0.8404669260700389	0.8888888888888888	0.5291828793774319	0.9135802469135802	0.5758754863813229	0.908450704225352	0.5019455252918288
222			0.7413793103448276	0.8365758754863813	0.8947368421052632	0.5291828793774319	0.91875	0.5719844357976653	0.9078014184397164	0.4980544747081712
223			0.7439446366782007	0.8365758754863813	0.8940397350993378	0.5252918287937743	0.9182389937106918	0.5680933852140078	0.9071428571428573	0.4941634241245136
224			0.7430555555555556	0.8326848249027238	0.8933333333333333	0.5214007782101168	0.9171974522292994	0.5603112840466926	0.9057971014492754	0.4863813229571984
225			0.7456445993031359	0.8326848249027238	0.8926174496644296	0.5175097276264592	0.9225806451612903	0.556420233463035	0.9051094890510948	0.4824902723735408
226			0.7482517482517482	0.8326848249027238	0.8918918918918919	0.5136186770428015	0.922077922077922	0.5525291828793775	0.9044117647058824	0.4785992217898833
227			0.7473684210526316	0.8287937743190662	0.8979591836734694	0.5136186770428015	0.9215686274509804	0.5486381322957199	0.9029850746268656	0.4708171206225681
228			0.75	0.8287937743190662	0.8972602739726028	0.5097276264591439	0.9205298013245032	0.5408560311284046	0.9090909090909092	0.4669260700389105
229			0.7491166077738516	0.8249027237354085	0.896551724137931	0.5058365758754864	0.92	0.5369649805447471	0.9076923076923076	0.4591439688715953
230			0.74822695035461	0.8210116731517509	0.8958333333333334	0.5019455252918288	0.9194630872483222	0.5330739299610895	0.9147286821705426	0.4591439688715953
231			0.7508896797153025	0.8210116731517509	0.8951048951048951	0.4980544747081712	0.9172413793103448	0.5175097276264592	0.9133858267716536	0.4513618677042801
232			0.7535714285714286	0.8210116731517509	0.9014084507042254	0.4980544747081712	0.9166666666666666	0.5136186770428015	0.9112903225806452	0.4396887159533074
233			0.7562724014336918	0.8210116731517509	0.8992805755395683	0.4863813229571984	0.9154929577464788	0.5058365758754864	0.91869918699187	0.4396887159533074
234			0.7553956834532374	0.8171206225680934	0.9057971014492754	0.4863813229571984	0.9148936170212766	0.5019455252918288	0.9256198347107438	0.4357976653696498
235			0.7581227436823105	0.8171206225680934	0.9044117647058824	0.4785992217898833	0.9136690647482014	0.4941634241245136	0.925	0.4319066147859922
236			0.7608695652173914	0.8171206225680934	0.9083969465648856	0.4630350194552529	0.9124087591240876	0.4863813229571984	0.923728813559322	0.424124513618677
237			0.76	0.8132295719844358	0.9133858267716536	0.4513618677042801	0.9117647058823528	0.4824902723735408	0.9310344827586208	0.4202334630350194
238			0.7627737226277372	0.8132295719844358	0.9126984126984128	0.4474708171206226	0.9111111111111112	0.4785992217898833	0.9304347826086956	0.4163424124513619
239			0.7655677655677655	0.8132295719844358	0.9105691056910568	0.4357976653696498	0.917910447761194	0.4785992217898833	0.9298245614035088	0.4124513618677042
240			0.7683823529411765	0.8132295719844358	0.9090909090909092	0.4280155642023346	0.9236641221374046	0.4708171206225681	0.9380530973451328	0.4124513618677042
241			0.7675276752767528	0.8093385214007782	0.907563025210084	0.4202334630350194	0.9230769230769232	0.4669260700389105	0.9375	0.4085603112840467
242			0.7703703703703704	0.8093385214007782	0.905982905982906	0.4124513618677042	0.9224806201550388	0.4630350194552529	0.9369369369369368	0.4046692607003891
243			0.7732342007434945	0.8093385214007782	0.9043478260869564	0.4046692607003891	0.921875	0.4591439688715953	0.9363636363636364	0.4007782101167315
244			0.7761194029850746	0.8093385214007782	0.9035087719298246	0.4007782101167315	0.9212598425196852	0.4552529182879377	0.9351851851851852	0.3929961089494163
245			0.7752808988764045	0.8054474708171206	0.9026548672566372	0.3968871595330739	0.928	0.4513618677042801	0.9345794392523364	0.3891050583657587
246			0.7781954887218046	0.8054474708171206	0.8990825688073395	0.3813229571984435	0.9274193548387096	0.4474708171206226	0.931372549019608	0.3696498054474708
247			0.7773584905660378	0.8015564202334631	0.8981481481481481	0.377431906614786	0.934959349593496	0.4474708171206226	0.9292929292929292	0.357976653696498
248			0.7765151515151515	0.7976653696498055	0.8942307692307693	0.3618677042801556	0.9344262295081968	0.4435797665369649	0.9381443298969072	0.3540856031128405
249			0.779467680608365	0.7976653696498055	0.898989898989899	0.3463035019455253	0.9333333333333332	0.4357976653696498	0.9375	0.3501945525291828
250			0.7786259541984732	0.7937743190661478	0.9081632653061223	0.3463035019455253	0.9310344827586208	0.4202334630350194	0.935483870967742	0.3385214007782101
251			0.7777777777777778	0.7898832684824902	0.9157894736842104	0.3385214007782101	0.9304347826086956	0.4163424124513619	0.934065934065934	0.3307392996108949
252			0.7807692307692308	0.7898832684824902	0.9148936170212766	0.3346303501945525	0.9298245614035088	0.4124513618677042	0.9333333333333332	0.3268482490272373
253			0.7837837837837838	0.7898832684824902	0.9111111111111112	0.3190661478599221	0.9292035398230089	0.4085603112840467	0.9325842696629212	0.3229571984435798
254			0.7868217054263565	0.7898832684824902	0.9195402298850576	0.311284046692607	0.9285714285714286	0.4046692607003891	0.9318181818181818	0.3190661478599221
255			0.7859922178988327	0.7859922178988327	0.9166666666666666	0.2996108949416342	0.9363636363636364	0.4007782101167315	0.9397590361445785	0.3035019455252918
256			0.7890625	0.7859922178988327	0.9156626506024096	0.2957198443579766	0.9357798165137616	0.3968871595330739	0.9382716049382716	0.2957198443579766
257			0.792156862745098	0.7859922178988327	0.9135802469135802	0.2879377431906614	0.9351851851851852	0.3929961089494163	0.935064935064935	0.2801556420233463
258			0.7913385826771654	0.7821011673151751	0.9113924050632912	0.2801556420233463	0.9345794392523364	0.3891050583657587	0.9473684210526316	0.2801556420233463
259			0.7944664031620553	0.7821011673151751	0.9102564102564102	0.2762645914396887	0.9339622641509434	0.3852140077821012	0.9428571428571428	0.2568093385214007
260			0.7976190476190477	0.7821011673151751	0.9210526315789472	0.2723735408560311	0.9333333333333332	0.3813229571984435	0.9411764705882352	0.2490272373540856
261			0.8007968127490039	0.7821011673151751	0.9166666666666666	0.2568093385214007	0.9326923076923076	0.377431906614786	0.9393939393939394	0.2412451361867704
262			0.804	0.7821011673151751	0.9117647058823528	0.2412451361867704	0.9320388349514565	0.3735408560311284	0.9384615384615383	0.2373540856031128
263			0.8072289156626506	0.7821011673151751	0.9242424242424242	0.2373540856031128	0.931372549019608	0.3696498054474708	0.9365079365079364	0.2295719844357976
264			0.8064516129032258	0.7782101167315175	0.9384615384615383	0.2373540856031128	0.9306930693069309	0.3657587548638132	0.9516129032258064	0.2295719844357976
265			0.8097165991902834	0.7782101167315175	0.9365079365079364	0.2295719844357976	0.9292929292929292	0.357976653696498	0.9649122807017544	0.2140077821011673
266			0.8089430894308943	0.77431906614786	0.9454545454545454	0.2023346303501945	0.9285714285714286	0.3540856031128405	0.9629629629629628	0.2023346303501945
267			0.8081632653061225	0.7704280155642024	0.9411764705882352	0.1867704280155642	0.9270833333333334	0.3463035019455253	0.96	0.1867704280155642
268			0.8073770491803278	0.7665369649805448	0.9318181818181818	0.159533073929961	0.9247311827956988	0.3346303501945525	0.9565217391304348	0.1712062256809338
269			0.8065843621399177	0.7626459143968871	0.9534883720930232	0.159533073929961	0.9239130434782608	0.3307392996108949	0.9545454545454546	0.1634241245136186
270			0.8099173553719008	0.7626459143968871	0.951219512195122	0.1517509727626459	0.9222222222222224	0.3229571984435798	0.945945945945946	0.1361867704280155
271			0.8132780082987552	0.7626459143968871	0.945945945945946	0.1361867704280155	0.9325842696629212	0.3229571984435798	0.9714285714285714	0.1322957198443579
272			0.8125	0.7587548638132295	0.9375	0.1167315175097276	0.9310344827586208	0.3151750972762646	1.0	0.1167315175097276
273			0.8117154811715481	0.754863813229572	0.9629629629629628	0.1011673151750972	0.9302325581395348	0.311284046692607	1.0	0.1089494163424124
274			0.8109243697478992	0.7509727626459144	1.0	0.0739299610894941	0.9404761904761904	0.3073929961089494	1.0	0.1050583657587548
275			0.8135593220338984	0.7470817120622568	1.0	0.0544747081712062	0.9397590361445785	0.3035019455252918	1.0	0.0894941634241245
276			0.8127659574468085	0.7431906614785992	1.0	0.0311284046692607	0.9390243902439024	0.2996108949416342	1.0	0.0739299610894941
277			0.811965811965812	0.7392996108949417	1.0	0.0116731517509727	0.9493670886075948	0.2918287937743191	1.0	0.0583657587548638
278			0.8154506437768241	0.7392996108949417	1.0	0.0	0.9473684210526316	0.2801556420233463	1.0	0.0272373540856031
279			0.8146551724137931	0.7354085603112841			0.943661971830986	0.2607003891050584	1.0	0.0233463035019455
280			0.8181818181818182	0.7354085603112841			0.9552238805970148	0.2490272373540856	1.0	0.0077821011673151
281			0.8217391304347826	0.7354085603112841			0.953846153846154	0.2412451361867704	1.0	0.0
282			0.8253275109170306	0.7354085603112841			0.9523809523809524	0.2334630350194552		
283			0.8245614035087719	0.7315175097276264			0.9516129032258064	0.2295719844357976		
284			0.8237885462555066	0.7276264591439688			0.9508196721311476	0.22568093385214		
285			0.827433628318584	0.7276264591439688			0.9491525423728814	0.2178988326848249		
286			0.8266666666666667	0.7237354085603113			0.9649122807017544	0.2140077821011673		
287			0.8258928571428571	0.7198443579766537			0.9636363636363636	0.2062256809338521		
288			0.8251121076233184	0.7159533073929961			0.9803921568627452	0.1945525291828793		
289			0.8288288288288288	0.7159533073929961			0.979591836734694	0.1867704280155642		
290			0.8280542986425339	0.7120622568093385			0.9782608695652174	0.1750972762645914		
291			0.8318181818181818	0.7120622568093385			0.9777777777777776	0.1712062256809338		
292			0.8310502283105022	0.708171206225681			0.9761904761904762	0.159533073929961		
293			0.8348623853211009	0.708171206225681			0.975	0.1517509727626459		
294			0.8341013824884793	0.7042801556420234			0.9714285714285714	0.1322957198443579		
295			0.8379629629629629	0.7042801556420234			0.967741935483871	0.1167315175097276		
296			0.8372093023255814	0.7003891050583657			0.9615384615384616	0.0972762645914396		
297			0.8364485981308412	0.6964980544747081			1.0	0.0739299610894941		
298			0.8356807511737089	0.6926070038910506			1.0	0.046692607003891		
299			0.8349056603773585	0.688715953307393			1.0	0.0311284046692607		
300			0.8388625592417062	0.688715953307393			1.0	0.0116731517509727		
301			0.8380952380952381	0.6848249027237354			1.0	0.0038910505836575		
302			0.8373205741626795	0.6809338521400778			1.0	0.0		
303			0.8365384615384616	0.6770428015564203						
304			0.8405797101449275	0.6770428015564203						
305			0.8398058252427184	0.6731517509727627						
306			0.8439024390243902	0.6731517509727627						
307			0.8431372549019608	0.669260700389105						
308			0.8423645320197044	0.6653696498054474						
309			0.8415841584158416	0.6614785992217899						
310			0.8407960199004975	0.6575875486381323						
311			0.845	0.6575875486381323						
312			0.8442211055276382	0.6536964980544747						
313			0.8434343434343434	0.6498054474708171						
314			0.8426395939086294	0.6459143968871596						
315			0.8418367346938775	0.642023346303502						
316			0.841025641025641	0.6381322957198443						
317			0.845360824742268	0.6381322957198443						
318			0.844559585492228	0.6342412451361867						
319			0.84375	0.6303501945525292						
320			0.8429319371727748	0.6264591439688716						
321			0.8421052631578947	0.622568093385214						
322			0.8412698412698413	0.6186770428015564						
323			0.8457446808510638	0.6186770428015564						
324			0.8449197860962567	0.6147859922178989						
325			0.8440860215053764	0.6108949416342413						
326			0.8432432432432433	0.6070038910505836						
327			0.8478260869565217	0.6070038910505836						
328			0.8469945355191257	0.603112840466926						
329			0.8461538461538461	0.5992217898832685						
330			0.850828729281768	0.5992217898832685						
331			0.85	0.5953307392996109						
332			0.8491620111731844	0.5914396887159533						
333			0.8539325842696629	0.5914396887159533						
334			0.8531073446327684	0.5875486381322957						
335			0.8522727272727273	0.5836575875486382						
336			0.8514285714285714	0.5797665369649806						
337			0.8505747126436781	0.5758754863813229						
338			0.8554913294797688	0.5758754863813229						
339			0.8546511627906976	0.5719844357976653						
340			0.8538011695906432	0.5680933852140078						
341			0.8529411764705882	0.5642023346303502						
342			0.8520710059171598	0.5603112840466926						
343			0.8511904761904762	0.556420233463035						
344			0.8562874251497006	0.556420233463035						
345			0.8554216867469879	0.5525291828793775						
346			0.8545454545454545	0.5486381322957199						
347			0.8536585365853658	0.5447470817120622						
348			0.852760736196319	0.5408560311284046						
349			0.8518518518518519	0.5369649805447471						
350			0.8571428571428571	0.5369649805447471						
351			0.85625	0.5330739299610895						
352			0.8553459119496856	0.5291828793774319						
353			0.8544303797468354	0.5252918287937743						
354			0.8535031847133758	0.5214007782101168						
355			0.8525641025641025	0.5175097276264592						
356			0.8516129032258064	0.5136186770428015						
357			0.8571428571428571	0.5136186770428015						
358			0.8562091503267973	0.5097276264591439						
359			0.8618421052631579	0.5097276264591439						
360			0.8609271523178808	0.5058365758754864						
361			0.86	0.5019455252918288						
362			0.8657718120805369	0.5019455252918288						
363			0.8648648648648649	0.4980544747081712						
364			0.8639455782312925	0.4941634241245136						
365			0.863013698630137	0.490272373540856						
366			0.8689655172413793	0.490272373540856						
367			0.8680555555555556	0.4863813229571984						
368			0.8741258741258742	0.4863813229571984						
369			0.8732394366197183	0.4824902723735408						
370			0.8723404255319149	0.4785992217898833						
371			0.8714285714285714	0.4747081712062256						
372			0.8776978417266187	0.4747081712062256						
373			0.8840579710144928	0.4747081712062256						
374			0.8832116788321168	0.4708171206225681						
375			0.8823529411764706	0.4669260700389105						
376			0.8888888888888888	0.4669260700389105						
377			0.8880597014925373	0.4630350194552529						
378			0.8872180451127819	0.4591439688715953						
379			0.8863636363636364	0.4552529182879377						
380			0.8931297709923665	0.4552529182879377						
381			0.8923076923076924	0.4513618677042801						
382			0.8914728682170543	0.4474708171206226						
383			0.8984375	0.4474708171206226						
384			0.8976377952755905	0.4435797665369649						
385			0.9047619047619048	0.4435797665369649						
386			0.904	0.4396887159533074						
387			0.9032258064516128	0.4357976653696498						
388			0.9105691056910568	0.4357976653696498						
389			0.9098360655737704	0.4319066147859922						
390			0.9090909090909092	0.4280155642023346						
391			0.9083333333333332	0.424124513618677						
392			0.907563025210084	0.4202334630350194						
393			0.9067796610169492	0.4163424124513619						
394			0.905982905982906	0.4124513618677042						
395			0.9051724137931034	0.4085603112840467						
396			0.9043478260869564	0.4046692607003891						
397			0.9035087719298246	0.4007782101167315						
398			0.9026548672566372	0.3968871595330739						
399			0.9017857142857144	0.3929961089494163						
400			0.90990990990991	0.3929961089494163						
401			0.9090909090909092	0.3891050583657587						
402			0.9174311926605504	0.3891050583657587						
403			0.9166666666666666	0.3852140077821012						
404			0.9158878504672896	0.3813229571984435						
405			0.9150943396226416	0.377431906614786						
406			0.9142857142857144	0.3735408560311284						
407			0.9230769230769232	0.3735408560311284						
408			0.9223300970873788	0.3696498054474708						
409			0.931372549019608	0.3696498054474708						
410			0.9306930693069309	0.3657587548638132						
411			0.93	0.3618677042801556						
412			0.9292929292929292	0.357976653696498						
413			0.9387755102040816	0.357976653696498						
414			0.9484536082474226	0.357976653696498						
415			0.9479166666666666	0.3540856031128405						
416			0.9473684210526316	0.3501945525291828						
417			0.946808510638298	0.3463035019455253						
418			0.946236559139785	0.3424124513618677						
419			0.9456521739130436	0.3385214007782101						
420			0.945054945054945	0.3346303501945525						
421			0.9444444444444444	0.3307392996108949						
422			0.9438202247191012	0.3268482490272373						
423			0.9431818181818182	0.3229571984435798						
424			0.942528735632184	0.3190661478599221						
425			0.9418604651162792	0.3151750972762646						
426			0.9411764705882352	0.311284046692607						
427			0.9404761904761904	0.3073929961089494						
428			0.9397590361445785	0.3035019455252918						
429			0.9390243902439024	0.2996108949416342						
430			0.9382716049382716	0.2957198443579766						
431			0.9375	0.2918287937743191						
432			0.9367088607594936	0.2879377431906614						
433			0.935897435897436	0.2840466926070039						
434			0.935064935064935	0.2801556420233463						
435			0.9473684210526316	0.2801556420233463						
436			0.9466666666666668	0.2762645914396887						
437			0.945945945945946	0.2723735408560311						
438			0.958904109589041	0.2723735408560311						
439			0.9583333333333334	0.2684824902723735						
440			0.9577464788732394	0.2645914396887159						
441			0.9571428571428572	0.2607003891050584						
442			0.9565217391304348	0.2568093385214007						
443			0.9705882352941176	0.2568093385214007						
444			0.9701492537313432	0.2529182879377432						
445			0.9696969696969696	0.2490272373540856						
446			0.9692307692307692	0.245136186770428						
447			0.96875	0.2412451361867704						
448			0.9682539682539684	0.2373540856031128						
449			0.967741935483871	0.2334630350194552						
450			0.9672131147540984	0.2295719844357976						
451			0.9666666666666668	0.22568093385214						
452			0.9661016949152542	0.2217898832684824						
453			0.9655172413793104	0.2178988326848249						
454			0.9649122807017544	0.2140077821011673						
455			0.9642857142857144	0.2101167315175097						
456			0.9818181818181818	0.2101167315175097						
457			0.9814814814814816	0.2062256809338521						
458			0.981132075471698	0.2023346303501945						
459			0.9807692307692308	0.1984435797665369						
460			0.9803921568627452	0.1945525291828793						
461			0.98	0.1906614785992217						
462			0.979591836734694	0.1867704280155642						
463			0.9791666666666666	0.1828793774319066						
464			0.9787234042553192	0.178988326848249						
465			0.9782608695652174	0.1750972762645914						
466			0.9777777777777776	0.1712062256809338						
467			1.0	0.1712062256809338						
468			1.0	0.1673151750972762						
469			1.0	0.1634241245136186						
470			1.0	0.1556420233463035						
471			1.0	0.1517509727626459						
472			1.0	0.1478599221789883						
473			1.0	0.1439688715953307						
474			1.0	0.1400778210116731						
475			1.0	0.1361867704280155						
476			1.0	0.1322957198443579						
477			1.0	0.1284046692607003						
478			1.0	0.1245136186770428						
479			1.0	0.1206225680933852						
480			1.0	0.1167315175097276						
481			1.0	0.11284046692607						
482			1.0	0.1089494163424124						
483			1.0	0.1050583657587548						
484			1.0	0.1011673151750972						
485			1.0	0.0972762645914396						
486			1.0	0.0933852140077821						
487			1.0	0.0894941634241245						
488			1.0	0.0856031128404669						
489			1.0	0.0817120622568093						
490			1.0	0.0778210116731517						
491			1.0	0.0739299610894941						
492			1.0	0.0700389105058365						
493			1.0	0.0661478599221789						
494			1.0	0.0622568093385214						
495			1.0	0.0583657587548638						
496			1.0	0.0544747081712062						
497			1.0	0.0505836575875486						
498			1.0	0.046692607003891						
499			1.0	0.0428015564202334						
500			1.0	0.0350194552529182						
501			1.0	0.0272373540856031						
502			1.0	0.0233463035019455						
503			1.0	0.0194552529182879						
504			1.0	0.0155642023346303						
505			1.0	0.0116731517509727						
506			1.0	0.0077821011673151						
507			1.0	0.0						
