	FPR0	TPR0	FPR1	TPR1	FPR2	TPR2	FPR3	TPR3	FPR4	TPR4
0	0.0	0.0	0.0	0.0	0.0	0.0	0.0	0.0	0.0	0.0
1	0.0	0.003875968992248	0.0	0.0038910505836575	0.0	0.0038910505836575	0.0	0.0038910505836575	0.0	0.0038910505836575
2	0.0	0.0697674418604651	0.0	0.1011673151750972	0.0	0.0155642023346303	0.0	0.0544747081712062	0.0	0.0505836575875486
3	0.0038910505836575	0.0697674418604651	0.003875968992248	0.1011673151750972	0.0038910505836575	0.0155642023346303	0.0038910505836575	0.0544747081712062	0.0038910505836575	0.0505836575875486
4	0.0038910505836575	0.1317829457364341	0.003875968992248	0.1089494163424124	0.0038910505836575	0.0194552529182879	0.0038910505836575	0.1050583657587548	0.0038910505836575	0.0894941634241245
5	0.0077821011673151	0.1317829457364341	0.0077519379844961	0.1089494163424124	0.0077821011673151	0.0194552529182879	0.0077821011673151	0.1050583657587548	0.0077821011673151	0.0894941634241245
6	0.0077821011673151	0.1744186046511628	0.0077519379844961	0.1556420233463035	0.0077821011673151	0.046692607003891	0.0077821011673151	0.1750972762645914	0.0077821011673151	0.1206225680933852
7	0.0116731517509727	0.1744186046511628	0.0116279069767441	0.1556420233463035	0.0116731517509727	0.046692607003891	0.0116731517509727	0.1750972762645914	0.0116731517509727	0.1206225680933852
8	0.0116731517509727	0.189922480620155	0.0116279069767441	0.2178988326848249	0.0116731517509727	0.0700389105058365	0.0116731517509727	0.3073929961089494	0.0116731517509727	0.1478599221789883
9	0.0155642023346303	0.189922480620155	0.0193798449612403	0.2178988326848249	0.0155642023346303	0.0700389105058365	0.0155642023346303	0.3073929961089494	0.0155642023346303	0.1478599221789883
10	0.0155642023346303	0.2558139534883721	0.0193798449612403	0.2373540856031128	0.0155642023346303	0.1011673151750972	0.0155642023346303	0.3268482490272373	0.0155642023346303	0.178988326848249
11	0.0194552529182879	0.2558139534883721	0.0232558139534883	0.2373540856031128	0.0194552529182879	0.1011673151750972	0.0233463035019455	0.3268482490272373	0.0194552529182879	0.178988326848249
12	0.0194552529182879	0.2829457364341085	0.0232558139534883	0.2607003891050584	0.0194552529182879	0.2101167315175097	0.0233463035019455	0.3540856031128405	0.0194552529182879	0.2490272373540856
13	0.0233463035019455	0.2829457364341085	0.0271317829457364	0.2607003891050584	0.0233463035019455	0.2101167315175097	0.0272373540856031	0.3540856031128405	0.0233463035019455	0.2490272373540856
14	0.0233463035019455	0.3875968992248062	0.0271317829457364	0.2879377431906614	0.0233463035019455	0.245136186770428	0.0272373540856031	0.4980544747081712	0.0233463035019455	0.2684824902723735
15	0.0272373540856031	0.3875968992248062	0.0310077519379844	0.2879377431906614	0.0272373540856031	0.245136186770428	0.0389105058365758	0.4980544747081712	0.0272373540856031	0.2684824902723735
16	0.0272373540856031	0.4031007751937984	0.0310077519379844	0.2918287937743191	0.0272373540856031	0.2645914396887159	0.0389105058365758	0.5019455252918288	0.0272373540856031	0.2840466926070039
17	0.0311284046692607	0.4031007751937984	0.0426356589147286	0.2918287937743191	0.0311284046692607	0.2645914396887159	0.0428015564202334	0.5019455252918288	0.0311284046692607	0.2840466926070039
18	0.0311284046692607	0.4108527131782946	0.0426356589147286	0.2957198443579766	0.0311284046692607	0.3346303501945525	0.0428015564202334	0.5175097276264592	0.0311284046692607	0.3346303501945525
19	0.0350194552529182	0.4108527131782946	0.0503875968992248	0.2957198443579766	0.0350194552529182	0.3346303501945525	0.046692607003891	0.5175097276264592	0.0350194552529182	0.3346303501945525
20	0.0350194552529182	0.4186046511627907	0.0503875968992248	0.3891050583657587	0.0350194552529182	0.3424124513618677	0.046692607003891	0.5369649805447471	0.0350194552529182	0.357976653696498
21	0.0389105058365758	0.4186046511627907	0.0542635658914728	0.3891050583657587	0.0428015564202334	0.3424124513618677	0.0505836575875486	0.5369649805447471	0.0389105058365758	0.357976653696498
22	0.0389105058365758	0.4844961240310077	0.0542635658914728	0.424124513618677	0.0428015564202334	0.377431906614786	0.0505836575875486	0.6108949416342413	0.0389105058365758	0.3852140077821012
23	0.0428015564202334	0.4844961240310077	0.0581395348837209	0.424124513618677	0.046692607003891	0.377431906614786	0.0544747081712062	0.6108949416342413	0.0428015564202334	0.3852140077821012
24	0.0428015564202334	0.4961240310077519	0.0581395348837209	0.4319066147859922	0.046692607003891	0.3852140077821012	0.0544747081712062	0.6536964980544747	0.0428015564202334	0.4124513618677042
25	0.0505836575875486	0.4961240310077519	0.0620155038759689	0.4319066147859922	0.0544747081712062	0.3852140077821012	0.0583657587548638	0.6536964980544747	0.046692607003891	0.4124513618677042
26	0.0505836575875486	0.5077519379844961	0.0620155038759689	0.4513618677042801	0.0544747081712062	0.4046692607003891	0.0583657587548638	0.6653696498054474	0.046692607003891	0.4669260700389105
27	0.0544747081712062	0.5077519379844961	0.065891472868217	0.4513618677042801	0.0583657587548638	0.4046692607003891	0.0622568093385214	0.6653696498054474	0.0544747081712062	0.4669260700389105
28	0.0544747081712062	0.5116279069767442	0.065891472868217	0.4785992217898833	0.0583657587548638	0.4319066147859922	0.0622568093385214	0.688715953307393	0.0544747081712062	0.5019455252918288
29	0.0583657587548638	0.5116279069767442	0.0697674418604651	0.4785992217898833	0.0622568093385214	0.4319066147859922	0.0700389105058365	0.688715953307393	0.0583657587548638	0.5019455252918288
30	0.0583657587548638	0.5465116279069767	0.0697674418604651	0.4824902723735408	0.0622568093385214	0.4396887159533074	0.0700389105058365	0.6926070038910506	0.0583657587548638	0.5058365758754864
31	0.0622568093385214	0.5465116279069767	0.0775193798449612	0.4824902723735408	0.0661478599221789	0.4396887159533074	0.0739299610894941	0.6926070038910506	0.0622568093385214	0.5058365758754864
32	0.0622568093385214	0.562015503875969	0.0775193798449612	0.490272373540856	0.0661478599221789	0.4513618677042801	0.0739299610894941	0.7003891050583657	0.0622568093385214	0.5603112840466926
33	0.0661478599221789	0.562015503875969	0.0852713178294573	0.490272373540856	0.0700389105058365	0.4513618677042801	0.0856031128404669	0.7003891050583657	0.0661478599221789	0.5603112840466926
34	0.0661478599221789	0.5813953488372093	0.0852713178294573	0.5097276264591439	0.0700389105058365	0.5136186770428015	0.0856031128404669	0.7354085603112841	0.0661478599221789	0.5836575875486382
35	0.0739299610894941	0.5813953488372093	0.0968992248062015	0.5097276264591439	0.0739299610894941	0.5136186770428015	0.0894941634241245	0.7354085603112841	0.0739299610894941	0.5836575875486382
36	0.0739299610894941	0.6046511627906976	0.0968992248062015	0.5719844357976653	0.0739299610894941	0.5408560311284046	0.0894941634241245	0.7470817120622568	0.0739299610894941	0.603112840466926
37	0.0778210116731517	0.6046511627906976	0.1046511627906976	0.5719844357976653	0.0778210116731517	0.5408560311284046	0.0933852140077821	0.7470817120622568	0.0817120622568093	0.603112840466926
38	0.0778210116731517	0.627906976744186	0.1046511627906976	0.5758754863813229	0.0778210116731517	0.5525291828793775	0.0933852140077821	0.7509727626459144	0.0817120622568093	0.6303501945525292
39	0.0856031128404669	0.627906976744186	0.1085271317829457	0.5758754863813229	0.0817120622568093	0.5525291828793775	0.1050583657587548	0.7509727626459144	0.0856031128404669	0.6303501945525292
40	0.0856031128404669	0.6317829457364341	0.1085271317829457	0.622568093385214	0.0817120622568093	0.5797665369649806	0.1050583657587548	0.7587548638132295	0.0856031128404669	0.6381322957198443
41	0.0894941634241245	0.6317829457364341	0.1124031007751938	0.622568093385214	0.0894941634241245	0.5797665369649806	0.1089494163424124	0.7587548638132295	0.0894941634241245	0.6381322957198443
42	0.0894941634241245	0.6434108527131783	0.1124031007751938	0.6264591439688716	0.0894941634241245	0.5914396887159533	0.1089494163424124	0.7626459143968871	0.0894941634241245	0.642023346303502
43	0.0933852140077821	0.6434108527131783	0.1162790697674418	0.6264591439688716	0.0972762645914396	0.5914396887159533	0.1167315175097276	0.7626459143968871	0.0972762645914396	0.642023346303502
44	0.0933852140077821	0.6511627906976745	0.1162790697674418	0.6342412451361867	0.0972762645914396	0.6342412451361867	0.1167315175097276	0.7782101167315175	0.0972762645914396	0.669260700389105
45	0.0972762645914396	0.6511627906976745	0.1201550387596899	0.6342412451361867	0.1050583657587548	0.6342412451361867	0.1400778210116731	0.7782101167315175	0.1011673151750972	0.669260700389105
46	0.0972762645914396	0.6550387596899225	0.1201550387596899	0.642023346303502	0.1050583657587548	0.6381322957198443	0.1400778210116731	0.7821011673151751	0.1011673151750972	0.688715953307393
47	0.1011673151750972	0.6550387596899225	0.1240310077519379	0.642023346303502	0.1245136186770428	0.6381322957198443	0.1439688715953307	0.7821011673151751	0.1050583657587548	0.688715953307393
48	0.1011673151750972	0.6589147286821705	0.1240310077519379	0.6498054474708171	0.1245136186770428	0.6575875486381323	0.1439688715953307	0.7937743190661478	0.1050583657587548	0.6926070038910506
49	0.1050583657587548	0.6589147286821705	0.127906976744186	0.6498054474708171	0.1284046692607003	0.6575875486381323	0.1478599221789883	0.7937743190661478	0.1089494163424124	0.6926070038910506
50	0.1050583657587548	0.6782945736434108	0.127906976744186	0.6614785992217899	0.1284046692607003	0.6614785992217899	0.1478599221789883	0.8015564202334631	0.1089494163424124	0.6964980544747081
51	0.1089494163424124	0.6782945736434108	0.1395348837209302	0.6614785992217899	0.1322957198443579	0.6614785992217899	0.1517509727626459	0.8015564202334631	0.1245136186770428	0.6964980544747081
52	0.1089494163424124	0.689922480620155	0.1395348837209302	0.669260700389105	0.1322957198443579	0.6653696498054474	0.1517509727626459	0.8210116731517509	0.1245136186770428	0.7042801556420234
53	0.11284046692607	0.689922480620155	0.1434108527131783	0.669260700389105	0.1400778210116731	0.6653696498054474	0.1556420233463035	0.8210116731517509	0.1284046692607003	0.7042801556420234
54	0.11284046692607	0.7054263565891473	0.1434108527131783	0.6770428015564203	0.1400778210116731	0.669260700389105	0.1556420233463035	0.8249027237354085	0.1284046692607003	0.7276264591439688
55	0.1167315175097276	0.7054263565891473	0.1472868217054263	0.6770428015564203	0.1439688715953307	0.669260700389105	0.1867704280155642	0.8249027237354085	0.1322957198443579	0.7276264591439688
56	0.1167315175097276	0.7170542635658915	0.1472868217054263	0.6809338521400778	0.1439688715953307	0.6848249027237354	0.1867704280155642	0.8326848249027238	0.1322957198443579	0.7315175097276264
57	0.1206225680933852	0.7170542635658915	0.1511627906976744	0.6809338521400778	0.1478599221789883	0.6848249027237354	0.1906614785992217	0.8326848249027238	0.1361867704280155	0.7315175097276264
58	0.1206225680933852	0.7325581395348837	0.1511627906976744	0.6848249027237354	0.1478599221789883	0.688715953307393	0.1906614785992217	0.8365758754863813	0.1361867704280155	0.754863813229572
59	0.1322957198443579	0.7325581395348837	0.1550387596899224	0.6848249027237354	0.1634241245136186	0.688715953307393	0.2140077821011673	0.8365758754863813	0.1400778210116731	0.754863813229572
60	0.1322957198443579	0.7364341085271318	0.1550387596899224	0.6926070038910506	0.1634241245136186	0.7003891050583657	0.2140077821011673	0.8404669260700389	0.1400778210116731	0.7626459143968871
61	0.1361867704280155	0.7364341085271318	0.1589147286821705	0.6926070038910506	0.1673151750972762	0.7003891050583657	0.22568093385214	0.8404669260700389	0.1439688715953307	0.7626459143968871
62	0.1361867704280155	0.7403100775193798	0.1589147286821705	0.6964980544747081	0.1673151750972762	0.7276264591439688	0.22568093385214	0.8443579766536965	0.1439688715953307	0.7665369649805448
63	0.1478599221789883	0.7403100775193798	0.1705426356589147	0.6964980544747081	0.1750972762645914	0.7276264591439688	0.2334630350194552	0.8443579766536965	0.1478599221789883	0.7665369649805448
64	0.1478599221789883	0.7441860465116279	0.1705426356589147	0.7159533073929961	0.1750972762645914	0.7354085603112841	0.2334630350194552	0.8521400778210116	0.1478599221789883	0.7937743190661478
65	0.1517509727626459	0.7441860465116279	0.1782945736434108	0.7159533073929961	0.178988326848249	0.7354085603112841	0.2373540856031128	0.8521400778210116	0.1517509727626459	0.7937743190661478
66	0.1517509727626459	0.7558139534883721	0.1782945736434108	0.7315175097276264	0.178988326848249	0.7431906614785992	0.2373540856031128	0.8599221789883269	0.1517509727626459	0.7976653696498055
67	0.1556420233463035	0.7558139534883721	0.1821705426356589	0.7315175097276264	0.1828793774319066	0.7431906614785992	0.245136186770428	0.8599221789883269	0.159533073929961	0.7976653696498055
68	0.1556420233463035	0.7635658914728682	0.1821705426356589	0.7392996108949417	0.1828793774319066	0.7470817120622568	0.245136186770428	0.8638132295719845	0.159533073929961	0.8054474708171206
69	0.159533073929961	0.7635658914728682	0.1976744186046511	0.7392996108949417	0.1867704280155642	0.7470817120622568	0.2684824902723735	0.8638132295719845	0.178988326848249	0.8054474708171206
70	0.159533073929961	0.7713178294573644	0.1976744186046511	0.7431906614785992	0.1867704280155642	0.754863813229572	0.2684824902723735	0.867704280155642	0.178988326848249	0.8132295719844358
71	0.1634241245136186	0.7713178294573644	0.2054263565891473	0.7431906614785992	0.1906614785992217	0.754863813229572	0.2840466926070039	0.867704280155642	0.1828793774319066	0.8132295719844358
72	0.1634241245136186	0.7751937984496124	0.2054263565891473	0.754863813229572	0.1906614785992217	0.7704280155642024	0.2840466926070039	0.8754863813229572	0.1828793774319066	0.8171206225680934
73	0.1712062256809338	0.7751937984496124	0.2093023255813953	0.754863813229572	0.1984435797665369	0.7704280155642024	0.2918287937743191	0.8754863813229572	0.2023346303501945	0.8171206225680934
74	0.1712062256809338	0.7790697674418605	0.2093023255813953	0.7587548638132295	0.1984435797665369	0.77431906614786	0.2918287937743191	0.8832684824902723	0.2023346303501945	0.8287937743190662
75	0.1750972762645914	0.7790697674418605	0.2131782945736434	0.7587548638132295	0.2101167315175097	0.77431906614786	0.3035019455252918	0.8832684824902723	0.2140077821011673	0.8287937743190662
76	0.1750972762645914	0.8023255813953488	0.2131782945736434	0.7626459143968871	0.2101167315175097	0.7821011673151751	0.3035019455252918	0.8871595330739299	0.2140077821011673	0.8365758754863813
77	0.1906614785992217	0.8023255813953488	0.2170542635658914	0.7626459143968871	0.2140077821011673	0.7821011673151751	0.311284046692607	0.8871595330739299	0.2217898832684824	0.8365758754863813
78	0.1906614785992217	0.810077519379845	0.2170542635658914	0.7665369649805448	0.2140077821011673	0.7976653696498055	0.311284046692607	0.8988326848249028	0.2217898832684824	0.8443579766536965
79	0.1984435797665369	0.810077519379845	0.2209302325581395	0.7665369649805448	0.2217898832684824	0.7976653696498055	0.3151750972762646	0.8988326848249028	0.2295719844357976	0.8443579766536965
80	0.1984435797665369	0.813953488372093	0.2209302325581395	0.7859922178988327	0.2217898832684824	0.8210116731517509	0.3151750972762646	0.9027237354085604	0.2295719844357976	0.8521400778210116
81	0.2023346303501945	0.813953488372093	0.2286821705426356	0.7859922178988327	0.2295719844357976	0.8210116731517509	0.3385214007782101	0.9027237354085604	0.2373540856031128	0.8521400778210116
82	0.2023346303501945	0.8333333333333334	0.2286821705426356	0.7937743190661478	0.2295719844357976	0.8287937743190662	0.3385214007782101	0.906614785992218	0.2373540856031128	0.8638132295719845
83	0.2062256809338521	0.8333333333333334	0.2480620155038759	0.7937743190661478	0.2334630350194552	0.8287937743190662	0.3501945525291828	0.906614785992218	0.245136186770428	0.8638132295719845
84	0.2062256809338521	0.8527131782945736	0.2480620155038759	0.8287937743190662	0.2334630350194552	0.8326848249027238	0.3501945525291828	0.9105058365758756	0.245136186770428	0.867704280155642
85	0.2101167315175097	0.8527131782945736	0.2596899224806202	0.8287937743190662	0.2412451361867704	0.8326848249027238	0.357976653696498	0.9105058365758756	0.2490272373540856	0.867704280155642
86	0.2101167315175097	0.8604651162790697	0.2596899224806202	0.8326848249027238	0.2412451361867704	0.8482490272373541	0.357976653696498	0.9182879377431906	0.2490272373540856	0.8715953307392996
87	0.2217898832684824	0.8604651162790697	0.2674418604651162	0.8326848249027238	0.2568093385214007	0.8482490272373541	0.3852140077821012	0.9182879377431906	0.2568093385214007	0.8715953307392996
88	0.2217898832684824	0.8643410852713178	0.2674418604651162	0.8365758754863813	0.2568093385214007	0.8599221789883269	0.3852140077821012	0.926070038910506	0.2568093385214007	0.8754863813229572
89	0.2373540856031128	0.8643410852713178	0.2713178294573643	0.8365758754863813	0.2607003891050584	0.8599221789883269	0.3929961089494163	0.926070038910506	0.2607003891050584	0.8754863813229572
90	0.2373540856031128	0.8682170542635659	0.2713178294573643	0.8404669260700389	0.2607003891050584	0.867704280155642	0.3929961089494163	0.9299610894941636	0.2607003891050584	0.8910505836575876
91	0.245136186770428	0.8682170542635659	0.2868217054263566	0.8404669260700389	0.2645914396887159	0.867704280155642	0.3968871595330739	0.9299610894941636	0.2645914396887159	0.8910505836575876
92	0.245136186770428	0.8875968992248062	0.2868217054263566	0.8443579766536965	0.2645914396887159	0.8715953307392996	0.3968871595330739	0.933852140077821	0.2645914396887159	0.8988326848249028
93	0.2490272373540856	0.8875968992248062	0.3023255813953488	0.8443579766536965	0.2879377431906614	0.8715953307392996	0.4046692607003891	0.933852140077821	0.2723735408560311	0.8988326848249028
94	0.2490272373540856	0.8914728682170543	0.3023255813953488	0.8482490272373541	0.2879377431906614	0.8754863813229572	0.4046692607003891	0.9455252918287936	0.2723735408560311	0.906614785992218
95	0.2684824902723735	0.8914728682170543	0.3062015503875969	0.8482490272373541	0.2918287937743191	0.8754863813229572	0.4669260700389105	0.9455252918287936	0.2801556420233463	0.906614785992218
96	0.2684824902723735	0.8992248062015504	0.3062015503875969	0.8599221789883269	0.2918287937743191	0.8793774319066148	0.4669260700389105	0.953307392996109	0.2801556420233463	0.9105058365758756
97	0.2957198443579766	0.8992248062015504	0.3100775193798449	0.8599221789883269	0.2957198443579766	0.8793774319066148	0.5214007782101168	0.953307392996109	0.2879377431906614	0.9105058365758756
98	0.2957198443579766	0.9031007751937984	0.3100775193798449	0.8715953307392996	0.2957198443579766	0.8832684824902723	0.5214007782101168	0.9571984435797666	0.2879377431906614	0.9182879377431906
99	0.3073929961089494	0.9031007751937984	0.3217054263565891	0.8715953307392996	0.3073929961089494	0.8832684824902723	0.5330739299610895	0.9571984435797666	0.2957198443579766	0.9182879377431906
100	0.3073929961089494	0.9069767441860463	0.3217054263565891	0.8754863813229572	0.3073929961089494	0.8871595330739299	0.5330739299610895	0.9610894941634242	0.2957198443579766	0.9221789883268484
101	0.3190661478599221	0.9069767441860463	0.3294573643410852	0.8754863813229572	0.3190661478599221	0.8871595330739299	0.556420233463035	0.9610894941634242	0.3073929961089494	0.9221789883268484
102	0.3190661478599221	0.9108527131782944	0.3294573643410852	0.8871595330739299	0.3190661478599221	0.8949416342412452	0.556420233463035	0.9688715953307392	0.3073929961089494	0.926070038910506
103	0.3268482490272373	0.9108527131782944	0.3372093023255814	0.8871595330739299	0.3229571984435798	0.8949416342412452	0.5719844357976653	0.9688715953307392	0.3268482490272373	0.926070038910506
104	0.3268482490272373	0.9186046511627908	0.3372093023255814	0.8949416342412452	0.3229571984435798	0.8988326848249028	0.5719844357976653	0.980544747081712	0.3268482490272373	0.9299610894941636
105	0.3346303501945525	0.9186046511627908	0.3488372093023256	0.8949416342412452	0.3307392996108949	0.8988326848249028	0.5992217898832685	0.980544747081712	0.3385214007782101	0.9299610894941636
106	0.3346303501945525	0.9263565891472868	0.3488372093023256	0.9105058365758756	0.3307392996108949	0.9027237354085604	0.5992217898832685	0.9844357976653696	0.3385214007782101	0.9377431906614786
107	0.357976653696498	0.9263565891472868	0.375968992248062	0.9105058365758756	0.3346303501945525	0.9027237354085604	0.6381322957198443	0.9844357976653696	0.3501945525291828	0.9377431906614786
108	0.357976653696498	0.9302325581395348	0.375968992248062	0.914396887159533	0.3346303501945525	0.9182879377431906	0.6381322957198443	0.9922178988326849	0.3501945525291828	0.953307392996109
109	0.3618677042801556	0.9302325581395348	0.3798449612403101	0.914396887159533	0.3385214007782101	0.9182879377431906	0.6848249027237354	0.9922178988326849	0.357976653696498	0.953307392996109
110	0.3618677042801556	0.9341085271317828	0.3798449612403101	0.9182879377431906	0.3385214007782101	0.926070038910506	0.6848249027237354	0.9961089494163424	0.357976653696498	0.9571984435797666
111	0.377431906614786	0.9341085271317828	0.3875968992248062	0.9182879377431906	0.3424124513618677	0.926070038910506	0.914396887159533	0.9961089494163424	0.3618677042801556	0.9571984435797666
112	0.377431906614786	0.9418604651162792	0.3875968992248062	0.9221789883268484	0.3424124513618677	0.9299610894941636	0.914396887159533	1.0	0.3618677042801556	0.9610894941634242
113	0.3852140077821012	0.9418604651162792	0.3953488372093023	0.9221789883268484	0.3657587548638132	0.9299610894941636	1.0	1.0	0.3735408560311284	0.9610894941634242
114	0.3852140077821012	0.9573643410852714	0.3953488372093023	0.9299610894941636	0.3657587548638132	0.9377431906614786			0.3735408560311284	0.9649805447470816
115	0.4396887159533074	0.9573643410852714	0.4031007751937984	0.9299610894941636	0.3735408560311284	0.9377431906614786			0.377431906614786	0.9649805447470816
116	0.4396887159533074	0.9612403100775194	0.4031007751937984	0.933852140077821	0.3735408560311284	0.9416342412451362			0.377431906614786	0.9727626459143968
117	0.4435797665369649	0.9612403100775194	0.4147286821705426	0.933852140077821	0.377431906614786	0.9416342412451362			0.3852140077821012	0.9727626459143968
118	0.4435797665369649	0.9651162790697676	0.4147286821705426	0.9377431906614786	0.377431906614786	0.9494163424124512			0.3852140077821012	0.9766536964980544
119	0.4863813229571984	0.9651162790697676	0.4302325581395348	0.9377431906614786	0.3813229571984435	0.9494163424124512			0.4513618677042801	0.9766536964980544
120	0.4863813229571984	0.9689922480620154	0.4302325581395348	0.9416342412451362	0.3813229571984435	0.9610894941634242			0.4513618677042801	0.980544747081712
121	0.5058365758754864	0.9689922480620154	0.4496124031007752	0.9416342412451362	0.4085603112840467	0.9610894941634242			0.4785992217898833	0.980544747081712
122	0.5058365758754864	0.9767441860465116	0.4496124031007752	0.9455252918287936	0.4085603112840467	0.9649805447470816			0.4785992217898833	0.9844357976653696
123	0.5330739299610895	0.9767441860465116	0.4728682170542636	0.9455252918287936	0.4357976653696498	0.9649805447470816			0.4863813229571984	0.9844357976653696
124	0.5330739299610895	0.9806201550387597	0.4728682170542636	0.9494163424124512	0.4357976653696498	0.9688715953307392			0.4863813229571984	0.9883268482490272
125	0.5680933852140078	0.9806201550387597	0.4806201550387597	0.9494163424124512	0.4435797665369649	0.9688715953307392			0.4980544747081712	0.9883268482490272
126	0.5680933852140078	0.9844961240310076	0.4806201550387597	0.953307392996109	0.4435797665369649	0.9727626459143968			0.4980544747081712	0.9922178988326849
127	0.5953307392996109	0.9844961240310076	0.4961240310077519	0.953307392996109	0.4474708171206226	0.9727626459143968			0.5875486381322957	0.9922178988326849
128	0.5953307392996109	0.9883720930232558	0.4961240310077519	0.9571984435797666	0.4474708171206226	0.9766536964980544			0.5875486381322957	0.9961089494163424
129	0.7470817120622568	0.9883720930232558	0.5	0.9571984435797666	0.4513618677042801	0.9766536964980544			0.9027237354085604	0.9961089494163424
130	0.7470817120622568	0.992248062015504	0.5	0.9610894941634242	0.4513618677042801	0.980544747081712			0.9027237354085604	1.0
131	0.7976653696498055	0.992248062015504	0.5658914728682171	0.9610894941634242	0.4552529182879377	0.980544747081712			1.0	1.0
132	0.7976653696498055	0.996124031007752	0.5658914728682171	0.9649805447470816	0.4552529182879377	0.9844357976653696				
133	0.8287937743190662	0.996124031007752	0.5697674418604651	0.9649805447470816	0.556420233463035	0.9844357976653696				
134	0.8287937743190662	1.0	0.5697674418604651	0.9688715953307392	0.556420233463035	0.9883268482490272				
135	1.0	1.0	0.5775193798449613	0.9688715953307392	0.5642023346303502	0.9883268482490272				
136			0.5775193798449613	0.9727626459143968	0.5642023346303502	0.9922178988326849				
137			0.6085271317829457	0.9727626459143968	0.6264591439688716	0.9922178988326849				
138			0.6085271317829457	0.9766536964980544	0.6264591439688716	0.9961089494163424				
139			0.6162790697674418	0.9766536964980544	0.8287937743190662	0.9961089494163424				
140			0.6162790697674418	0.980544747081712	0.8287937743190662	1.0				
141			0.6821705426356589	0.980544747081712	1.0	1.0				
142			0.6821705426356589	0.9844357976653696						
143			0.7248062015503876	0.9844357976653696						
144			0.7248062015503876	0.9883268482490272						
145			0.7364341085271318	0.9883268482490272						
146			0.7364341085271318	0.9922178988326849						
147			0.7558139534883721	0.9922178988326849						
148			0.7558139534883721	0.9961089494163424						
149			0.996124031007752	0.9961089494163424						
150			0.996124031007752	1.0						
151			1.0	1.0						
